<?xml version="1.0" encoding="UTF-8"?>
<overrides>

	<!-- Widgets -->
	<widget-groupings>
		<shortcut label="Widgets" type="32010" condition="System.HasAddon(script.skin.helper.service)" icon="DefaultFolder.png">||BROWSE||script.skin.helper.service/?action=widgets&amp;path=scriptwidgets,smartshortcuts,extendedinfo,librarydataprovider,smartishwidgets,favourites</shortcut>
		<shortcut label="$ADDON[script.skin.helper.service 32025]" type="32053" condition="System.HasAddon(script.skin.helper.service)" icon="DefaultFile.png" widget="addon" widgetType="none" widgetTarget="video">$INCLUDE[skinshortcuts-submenu]</shortcut>
		<node label="32030">
			<content>video</content>
			<content>videosources</content>
		</node>
		<node label="32031">
			<content>music</content>
			<content>musicsources</content>
		</node>
		<node label="32020">
			<content>picturesources</content>
		</node>
		<node label="136">
			<content>playlist-video</content>
			<content>playlist-audio</content>
		</node>
		<node label="32007">
			<node label="32010">
				<content>addon-video</content>
			</node>
			<node label="32011">
				<content>addon-audio</content>
			</node>
			<node label="32012">
				<content>addon-image</content>
			</node>
			<node label="32009">
				<content>addon-program-plugin</content>
			</node>
			<shortcut label="10001" type="32021" icon="DefaultAddonProgram.png" widget="addon" widgetType="addon" widgetTarget="programs">addons://sources/executable</shortcut>
			<shortcut label="1037" type="32014" icon="DefaultAddonVideo.png" widget="addon" widgetType="addon" widgetTarget="video">addons://sources/video</shortcut>
			<shortcut label="1038" type="32019" icon="DefaultAddonMusic.png" widget="addon" widgetType="addon" widgetTarget="music">addons://sources/audio</shortcut>
			<shortcut label="1039" type="32020" icon="DefaultAddonPicture.png" widget="addon" widgetType="addon" widgetTarget="pictures">addons://sources/image</shortcut>
		</node>
	</widget-groupings>
	
	<!-- Widget Default Values If Empty  -->
	<propertyfallback property="widgetLayout" attribute="widgetType" value="musicvideos">Square</propertyfallback>
	<propertyfallback property="widgetLayout" attribute="widgetType" value="songs">Square</propertyfallback>
	<propertyfallback property="widgetLayout" attribute="widgetType" value="albums">Square</propertyfallback>
	<propertyfallback property="widgetLayout" attribute="widgetType" value="artists">Square</propertyfallback>
	<propertyfallback property="widgetLayout" attribute="widgetType" value="singles">Square</propertyfallback>
	<propertyfallback property="widgetLayout" attribute="widgetType" value="favourite">Square</propertyfallback>
	<propertyfallback property="widgetLayout" attribute="widgetType" value="addon">Square</propertyfallback>
	<propertyfallback property="widgetLayout" attribute="widgetType" value="pvr">Square</propertyfallback>
	<propertyfallback property="widgetLayout" attribute="widgetType" value="weather">Wide</propertyfallback>
	<propertyfallback property="widgetLayout" attribute="widgetType" value="system">Wide</propertyfallback>
	<propertyfallback property="widgetLayout" attribute="widgetType" value="custom">Wide</propertyfallback>
	<propertyfallback property="widgetLayout" attribute="widgetType" value="movies">Poster</propertyfallback>
	<propertyfallback property="widgetLayout" attribute="widgetType" value="tvshows">Poster</propertyfallback>
	<propertyfallback property="widgetLayout" attribute="widgetType" value="episodes">Poster</propertyfallback>
	<propertyfallback property="widgetLayout" attribute="widgetType" value="seasons">Poster</propertyfallback>
	<propertyfallback property="widgetLayout">Square</propertyfallback>
	
</overrides>