<?xml version="1.0" encoding="UTF-8"?>
<window>
	<defaultcontrol always="true">300</defaultcontrol>
	<controls>
		<control type="image">
			<left>0</left>
			<top>0</top>
			<width>100%</width>
			<height>100%</height>
			<aspectratio>scale</aspectratio>
			<texture background="true" colordiffuse="dialog.overlay">backgrounds/white.png</texture>
			<include>dialogeffect</include>
		</control>
		<!--all content-->
		<control type="group">
			<centerleft>50%</centerleft>
			<width>1390</width>
			<visible>![Window.IsActive(FileBrowser) | Window.IsActive(SelectDialog) | Window.IsVisible(YesNoDialog)] + String.IsEmpty(Window.Property(additionalDialog))</visible>
			<animation effect="slide" start="2015,0" end="0,0" time="400" tween="quadratic" easing="out">WindowOpen</animation>
			<animation effect="slide" start="0,0" end="-2015,0" time="400" tween="quadratic" easing="out">WindowClose</animation>
			<animation effect="slide" start="-2015,0" end="0,0" time="400" tween="quadratic" easing="out">Visible</animation>
			<animation effect="slide" start="0,0" end="-2015,0" time="400" tween="quadratic" easing="out">Hidden</animation>
			<animation effect="slide" start="0,0" end="-125,0" time="300" condition="Window.IsActive(ShutdownMenu) + !String.IsEqual(Skin.AspectRatio,21:9)">Conditional</animation>
			<!--title bars and backgrounds-->
			<include content="DynamicDialogBackground">
				<param name="dialog-width" value="1390" />
				<param name="glow-width" value="1470" />
				<param name="sidebar-visible" value="true" />
				<param name="sidebar-width" value="605" />
				<param name="buttonbar-visible" value="true" />
			</include>
			<!--close window button-->
			<control type="button">
				<left>5</left>
				<top>0</top>
				<width>50</width>
				<height>25</height>
				<label>-</label>
				<font>-</font>
				<onclick>PreviousMenu</onclick>
				<texturefocus>DialogCloseButton-focus.png</texturefocus>
				<texturenofocus>DialogCloseButton.png</texturenofocus>
				<onleft>9000</onleft>
				<onright>9000</onright>
				<onup>9000</onup>
				<ondown>9000</ondown>
				<visible>system.getbool(input.enablemouse)</visible>
			</control>
			<!--main content-->
			<control type="group">
				<!--title-->
				<control type="label" id="500">
					<left>45</left>
					<top>25</top>
					<width>1330</width>
					<height>60</height>
					<font>info.title</font>
					<align>left</align>
					<aligny>center</aligny>
					<textcolor>white</textcolor>
					<label>-</label>
				</control>
				<control type="group">
					<left>10</left>
					<top>120</top>
					<!--shortcuts-->
					<control type="list" id="211">
						<width>585</width>
						<height>840</height>
						<itemgap>5</itemgap>
						<pagecontrol>31</pagecontrol>
						<onleft>304</onleft>
						<onright>300</onright>
						<onup>211</onup>
						<ondown>308</ondown>
						<itemlayout width="585" height="60">
							<control type="label">
								<left>120</left>
								<width>455</width>
								<aligny>center</aligny>
								<textcolor>white</textcolor>
								<label>$INFO[ListItem.Label]</label>
							</control>
						</itemlayout>
						<focusedlayout width="585" height="60">
							<control type="image">
								<height>60</height>
								<width>585</width>
								<texture>backgrounds/white.png</texture>
								<animation effect="fade" start="100" end="30" time="100" condition="![Control.HasFocus(211) | Control.HasFocus(302) | Control.HasFocus(303) | Control.HasFocus(304)]">Conditional</animation>
							</control>
							<control type="label">
								<left>120</left>
								<width>455</width>
								<aligny>center</aligny>
								<label>$INFO[ListItem.Label]</label>
								<textcolor>$VAR[Colour.900]</textcolor>
							</control>
						</focusedlayout>
					</control>
					<!--inline controls-->
					<control type="group" id="1000">
						<animation effect="slide" end="0,60" time="0" condition="Container(211).Row(1)">Conditional</animation>
						<animation effect="slide" end="0,120" time="0" condition="Container(211).Row(2)">Conditional</animation>
						<animation effect="slide" end="0,180" time="0" condition="Container(211).Row(3)">Conditional</animation>
						<animation effect="slide" end="0,240" time="0" condition="Container(211).Row(4)">Conditional</animation>
						<animation effect="slide" end="0,300" time="0" condition="Container(211).Row(5)">Conditional</animation>
						<animation effect="slide" end="0,360" time="0" condition="Container(211).Row(6)">Conditional</animation>
						<animation effect="slide" end="0,420" time="0" condition="Container(211).Row(7)">Conditional</animation>
						<animation effect="slide" end="0,480" time="0" condition="Container(211).Row(8)">Conditional</animation>
						<animation effect="slide" end="0,540" time="0" condition="Container(211).Row(9)">Conditional</animation>
						<animation effect="slide" end="0,600" time="0" condition="Container(211).Row(10)">Conditional</animation>
						<animation effect="slide" end="0,660" time="0" condition="Container(211).Row(11)">Conditional</animation>
						<animation effect="slide" end="0,720" time="0" condition="Container(211).Row(12)">Conditional</animation>
						<animation effect="slide" end="0,780" time="0" condition="Container(211).Row(13)">Conditional</animation>
						<animation effect="slide" end="0,840" time="0" condition="Container(211).Row(14)">Conditional</animation>
						<animation effect="slide" end="0,900" time="0" condition="Container(211).Row(15)">Conditional</animation>
						<animation effect="slide" end="0,960" time="0" condition="Container(211).Row(16)">Conditional</animation>
						<animation effect="slide" end="0,1020" time="0" condition="Container(211).Row(17)">Conditional</animation>
						<animation effect="slide" end="0,1080" time="0" condition="Container(211).Row(18)">Conditional</animation>
						<animation effect="slide" end="0,1140" time="0" condition="Container(211).Row(19)">Conditional</animation>
						<animation effect="slide" end="0,1200" time="0" condition="Container(211).Row(20)">Conditional</animation>
						<!--move up-->
						<control type="button" id="303">
							<width>32</width>
							<height>36</height>
							<left>40</left>
							<top>12</top>
							<label>-</label>
							<onup>211</onup>
							<onleft>302</onleft>
							<onright>304</onright>
							<ondown>211</ondown>
							<texturefocus colordiffuse="$VAR[Colour.900]">scroll-up-2.png</texturefocus>
							<texturenofocus colordiffuse="grey2">scroll-up-2.png</texturenofocus>
						</control>
						<!--move down-->
						<control type="button" id="304">
							<width>32</width>
							<height>36</height>
							<left>72</left>
							<top>12</top>
							<label>-</label>
							<onup>211</onup>
							<onleft>303</onleft>
							<onright>211</onright>
							<ondown>211</ondown>
							<texturefocus colordiffuse="$VAR[Colour.900]">scroll-down-2.png</texturefocus>
							<texturenofocus colordiffuse="grey2">scroll-down-2.png</texturenofocus>
						</control>
						<!--remove-->
						<control type="button" id="302">
							<width>32</width>
							<height>36</height>
							<left>5</left>
							<top>12</top>
							<label>-</label>
							<onup>211</onup>
							<onleft>31</onleft>
							<onright>303</onright>
							<ondown>211</ondown>
							<texturefocus colordiffuse="$VAR[Colour.900]">discardbutton.png</texturefocus>
							<texturenofocus colordiffuse="grey2">discardbutton.png</texturenofocus>
						</control>
					</control>
					<!--scrollbar-->
					<control type="scrollbar" id="31">
						<left>-22</left>
						<top>0</top>
						<height>880</height>
						<texturesliderbackground colordiffuse="scroll.secondary">backgrounds/white.png</texturesliderbackground>
						<texturesliderbar colordiffuse="secondary">backgrounds/white.png</texturesliderbar>
						<onleft>300</onleft>
						<onright>302</onright>
					</control>
					<!---control area-->
					<control type="grouplist" id="300">
						<left>610</left>
						<width>760</width>
						<height>780</height>
						<onleft>211</onleft>
						<onright>211</onright>
						<onup>300</onup>
						<ondown>10</ondown>
						<itemgap>0</itemgap>
						<!--change shortcut-->
						<control type="button" id="401">
							<width>760</width>
							<label>$ADDON[script.skinshortcuts 32048]</label>
						</control>
						<!--change label-->
						<control type="button" id="305">
							<width>760</width>
							<label>$ADDON[script.skinshortcuts 32025]</label>
							<label2>$INFO[Container(211).ListItem.Label]</label2>
						</control>
						<!--change action-->
						<control type="button" id="307">
							<width>760</width>
							<label>$ADDON[script.skinshortcuts 32027]</label>
							<label2>$INFO[Container(211).ListItem.Property(displaypath)]</label2>
						</control>
						<!--change widget-->
						<control type="button" id="312">
							<width>760</width>
							<label>$ADDON[script.skinshortcuts 32044]</label>
							<label2>$INFO[Container(211).ListItem.Property(widgetName)]</label2>
							<visible>String.IsEqual(Window.Property(groupname), mainmenu)</visible>
						</control>
						<!--edit sub-menu-->
						<control type="button" id="405">
							<width>760</width>
							<label>$ADDON[script.skinshortcuts 32072]</label>
							<visible>String.IsEqual(Window.Property("groupname"),mainmenu)</visible>
						</control>
						<!--add item-->
						<control type="button" id="301">
							<width>760</width>
							<label>$ADDON[script.skinshortcuts 32000]</label>
						</control>
					</control>
				</control>
				<!--bottom buttons-->
				<control type="grouplist" id="9001">
					<centerleft>50%</centerleft>
					<top>65r</top>
					<width>1390</width>
					<height>60</height>
					<align>justify</align>
					<orientation>horizontal</orientation>
					<onleft>9001</onleft>
					<onright>9001</onright>
					<onup>301</onup>
					<ondown>401</ondown>
					<!--reset button-->
					<include content="AnimatedCircleButtonGroup">
						<param name="button-id" value="308" />
						<param name="button-width" value="275" />
						<param name="button-texture" value="refreshbutton" />
						<param name="button-label" value="$ADDON[script.skinshortcuts 32028]" />
						<param name="button-onup" value="211" />
						<param name="button-ondown" value="211" />
						<param name="button-onleft" value="10" />
						<param name="button-onright" value="10" />
					</include>
					<!--ok button-->
					<include content="AnimatedCircleButtonGroup">
						<param name="button-id" value="10" />
						<param name="button-width" value="130" />
						<param name="button-texture" value="yesbutton" />
						<param name="button-label" value="186" />
						<param name="button-onclick" value="Close" />
						<param name="button-onup" value="301" />
						<param name="button-ondown" value="401" />
						<param name="button-onleft" value="308" />
						<param name="button-onright" value="308" />
					</include>
				</control>
			</control>
		</control>
	</controls>
</window>
